Reviewer Name,Review Date,Review Content
A Light in the Attic,2026-03-02,This book titled 'A Light in the Attic' is highly recommended.
Tipping the Velvet,2026-03-02,This book titled 'Tipping the Velvet' is highly recommended.
Soumission,2026-03-02,This book titled 'Soumission' is highly recommended.
Sharp Objects,2026-03-02,This book titled 'Sharp Objects' is highly recommended.
Sapiens: A Brief History of Humankind,2026-03-02,This book titled 'Sapiens: A Brief History of Humankind' is highly recommended.
The Requiem Red,2026-03-02,This book titled 'The Requiem Red' is highly recommended.
The Dirty Little Secrets of Getting Your Dream Job,2026-03-02,This book titled 'The Dirty Little Secrets of Getting Your Dream Job' is highly recommended.
"The Coming Woman: A Novel Based on the Life of the Infamous Feminist, Victoria Woodhull",2026-03-02,"This book titled 'The Coming Woman: A Novel Based on the Life of the Infamous Feminist, Victoria Woodhull' is highly recommended."
The Boys in the Boat: Nine Americans and Their Epic Quest for Gold at the 1936 Berlin Olympics,2026-03-02,This book titled 'The Boys in the Boat: Nine Americans and Their Epic Quest for Gold at the 1936 Berlin Olympics' is highly recommended.
The Black Maria,2026-03-02,This book titled 'The Black Maria' is highly recommended.
"Starving Hearts (Triangular Trade Trilogy, #1)",2026-03-02,"This book titled 'Starving Hearts (Triangular Trade Trilogy, #1)' is highly recommended."
Shakespeare's Sonnets,2026-03-02,This book titled 'Shakespeare's Sonnets' is highly recommended.
Set Me Free,2026-03-02,This book titled 'Set Me Free' is highly recommended.
Scott Pilgrim's Precious Little Life (Scott Pilgrim #1),2026-03-02,This book titled 'Scott Pilgrim's Precious Little Life (Scott Pilgrim #1)' is highly recommended.
Rip it Up and Start Again,2026-03-02,This book titled 'Rip it Up and Start Again' is highly recommended.
"Our Band Could Be Your Life: Scenes from the American Indie Underground, 1981-1991",2026-03-02,"This book titled 'Our Band Could Be Your Life: Scenes from the American Indie Underground, 1981-1991' is highly recommended."
Olio,2026-03-02,This book titled 'Olio' is highly recommended.
Mesaerion: The Best Science Fiction Stories 1800-1849,2026-03-02,This book titled 'Mesaerion: The Best Science Fiction Stories 1800-1849' is highly recommended.
Libertarianism for Beginners,2026-03-02,This book titled 'Libertarianism for Beginners' is highly recommended.
It's Only the Himalayas,2026-03-02,This book titled 'It's Only the Himalayas' is highly recommended.
In Her Wake,2026-03-02,This book titled 'In Her Wake' is highly recommended.
How Music Works,2026-03-02,This book titled 'How Music Works' is highly recommended.
"Foolproof Preserving: A Guide to Small Batch Jams, Jellies, Pickles, Condiments, and More: A Foolproof Guide to Making Small Batch Jams, Jellies, Pickles, Condiments, and More",2026-03-02,"This book titled 'Foolproof Preserving: A Guide to Small Batch Jams, Jellies, Pickles, Condiments, and More: A Foolproof Guide to Making Small Batch Jams, Jellies, Pickles, Condiments, and More' is highly recommended."
Chase Me (Paris Nights #2),2026-03-02,This book titled 'Chase Me (Paris Nights #2)' is highly recommended.
Black Dust,2026-03-02,This book titled 'Black Dust' is highly recommended.
Birdsong: A Story in Pictures,2026-03-02,This book titled 'Birdsong: A Story in Pictures' is highly recommended.
America's Cradle of Quarterbacks: Western Pennsylvania's Football Factory from Johnny Unitas to Joe Montana,2026-03-02,This book titled 'America's Cradle of Quarterbacks: Western Pennsylvania's Football Factory from Johnny Unitas to Joe Montana' is highly recommended.
Aladdin and His Wonderful Lamp,2026-03-02,This book titled 'Aladdin and His Wonderful Lamp' is highly recommended.
Worlds Elsewhere: Journeys Around Shakespeareâs Globe,2026-03-02,This book titled 'Worlds Elsewhere: Journeys Around Shakespeareâs Globe' is highly recommended.
Wall and Piece,2026-03-02,This book titled 'Wall and Piece' is highly recommended.
The Four Agreements: A Practical Guide to Personal Freedom,2026-03-02,This book titled 'The Four Agreements: A Practical Guide to Personal Freedom' is highly recommended.
The Five Love Languages: How to Express Heartfelt Commitment to Your Mate,2026-03-02,This book titled 'The Five Love Languages: How to Express Heartfelt Commitment to Your Mate' is highly recommended.
The Elephant Tree,2026-03-02,This book titled 'The Elephant Tree' is highly recommended.
The Bear and the Piano,2026-03-02,This book titled 'The Bear and the Piano' is highly recommended.
Sophie's World,2026-03-02,This book titled 'Sophie's World' is highly recommended.
Penny Maybe,2026-03-02,This book titled 'Penny Maybe' is highly recommended.
Maude (1883-1993):She Grew Up with the country,2026-03-02,This book titled 'Maude (1883-1993):She Grew Up with the country' is highly recommended.
"In a Dark, Dark Wood",2026-03-02,"This book titled 'In a Dark, Dark Wood' is highly recommended."
Behind Closed Doors,2026-03-02,This book titled 'Behind Closed Doors' is highly recommended.
You can't bury them all: Poems,2026-03-02,This book titled 'You can't bury them all: Poems' is highly recommended.
Slow States of Collapse: Poems,2026-03-02,This book titled 'Slow States of Collapse: Poems' is highly recommended.
Reasons to Stay Alive,2026-03-02,This book titled 'Reasons to Stay Alive' is highly recommended.
Private Paris (Private #10),2026-03-02,This book titled 'Private Paris (Private #10)' is highly recommended.
#HigherSelfie: Wake Up Your Life. Free Your Soul. Find Your Tribe.,2026-03-02,This book titled '#HigherSelfie: Wake Up Your Life. Free Your Soul. Find Your Tribe.' is highly recommended.
Without Borders (Wanderlove #1),2026-03-02,This book titled 'Without Borders (Wanderlove #1)' is highly recommended.
When We Collided,2026-03-02,This book titled 'When We Collided' is highly recommended.
"We Love You, Charlie Freeman",2026-03-02,"This book titled 'We Love You, Charlie Freeman' is highly recommended."
Untitled Collection: Sabbath Poems 2014,2026-03-02,This book titled 'Untitled Collection: Sabbath Poems 2014' is highly recommended.
"Unseen City: The Majesty of Pigeons, the Discreet Charm of Snails & Other Wonders of the Urban Wilderness",2026-03-02,"This book titled 'Unseen City: The Majesty of Pigeons, the Discreet Charm of Snails & Other Wonders of the Urban Wilderness' is highly recommended."
Unicorn Tracks,2026-03-02,This book titled 'Unicorn Tracks' is highly recommended.
"Unbound: How Eight Technologies Made Us Human, Transformed Society, and Brought Our World to the Brink",2026-03-02,"This book titled 'Unbound: How Eight Technologies Made Us Human, Transformed Society, and Brought Our World to the Brink' is highly recommended."
Tsubasa: WoRLD CHRoNiCLE 2 (Tsubasa WoRLD CHRoNiCLE #2),2026-03-02,This book titled 'Tsubasa: WoRLD CHRoNiCLE 2 (Tsubasa WoRLD CHRoNiCLE #2)' is highly recommended.
Throwing Rocks at the Google Bus: How Growth Became the Enemy of Prosperity,2026-03-02,This book titled 'Throwing Rocks at the Google Bus: How Growth Became the Enemy of Prosperity' is highly recommended.
This One Summer,2026-03-02,This book titled 'This One Summer' is highly recommended.
Thirst,2026-03-02,This book titled 'Thirst' is highly recommended.
The Torch Is Passed: A Harding Family Story,2026-03-02,This book titled 'The Torch Is Passed: A Harding Family Story' is highly recommended.
The Secret of Dreadwillow Carse,2026-03-02,This book titled 'The Secret of Dreadwillow Carse' is highly recommended.
"The Pioneer Woman Cooks: Dinnertime: Comfort Classics, Freezer Food, 16-Minute Meals, and Other Delicious Ways to Solve Supper!",2026-03-02,"This book titled 'The Pioneer Woman Cooks: Dinnertime: Comfort Classics, Freezer Food, 16-Minute Meals, and Other Delicious Ways to Solve Supper!' is highly recommended."
The Past Never Ends,2026-03-02,This book titled 'The Past Never Ends' is highly recommended.
The Natural History of Us (The Fine Art of Pretending #2),2026-03-02,This book titled 'The Natural History of Us (The Fine Art of Pretending #2)' is highly recommended.
The Nameless City (The Nameless City #1),2026-03-02,This book titled 'The Nameless City (The Nameless City #1)' is highly recommended.
The Murder That Never Was (Forensic Instincts #5),2026-03-02,This book titled 'The Murder That Never Was (Forensic Instincts #5)' is highly recommended.
The Most Perfect Thing: Inside (and Outside) a Bird's Egg,2026-03-02,This book titled 'The Most Perfect Thing: Inside (and Outside) a Bird's Egg' is highly recommended.
"The Mindfulness and Acceptance Workbook for Anxiety: A Guide to Breaking Free from Anxiety, Phobias, and Worry Using Acceptance and Commitment Therapy",2026-03-02,"This book titled 'The Mindfulness and Acceptance Workbook for Anxiety: A Guide to Breaking Free from Anxiety, Phobias, and Worry Using Acceptance and Commitment Therapy' is highly recommended."
The Life-Changing Magic of Tidying Up: The Japanese Art of Decluttering and Organizing,2026-03-02,This book titled 'The Life-Changing Magic of Tidying Up: The Japanese Art of Decluttering and Organizing' is highly recommended.
"The Inefficiency Assassin: Time Management Tactics for Working Smarter, Not Longer",2026-03-02,"This book titled 'The Inefficiency Assassin: Time Management Tactics for Working Smarter, Not Longer' is highly recommended."
The Gutsy Girl: Escapades for Your Life of Epic Adventure,2026-03-02,This book titled 'The Gutsy Girl: Escapades for Your Life of Epic Adventure' is highly recommended.
The Electric Pencil: Drawings from Inside State Hospital No. 3,2026-03-02,This book titled 'The Electric Pencil: Drawings from Inside State Hospital No. 3' is highly recommended.
The Death of Humanity: and the Case for Life,2026-03-02,This book titled 'The Death of Humanity: and the Case for Life' is highly recommended.
"The Bulletproof Diet: Lose up to a Pound a Day, Reclaim Energy and Focus, Upgrade Your Life",2026-03-02,"This book titled 'The Bulletproof Diet: Lose up to a Pound a Day, Reclaim Energy and Focus, Upgrade Your Life' is highly recommended."
The Art Forger,2026-03-02,This book titled 'The Art Forger' is highly recommended.
The Age of Genius: The Seventeenth Century and the Birth of the Modern Mind,2026-03-02,This book titled 'The Age of Genius: The Seventeenth Century and the Birth of the Modern Mind' is highly recommended.
The Activist's Tao Te Ching: Ancient Advice for a Modern Revolution,2026-03-02,This book titled 'The Activist's Tao Te Ching: Ancient Advice for a Modern Revolution' is highly recommended.
Spark Joy: An Illustrated Master Class on the Art of Organizing and Tidying Up,2026-03-02,This book titled 'Spark Joy: An Illustrated Master Class on the Art of Organizing and Tidying Up' is highly recommended.
Soul Reader,2026-03-02,This book titled 'Soul Reader' is highly recommended.
Security,2026-03-02,This book titled 'Security' is highly recommended.
"Saga, Volume 6 (Saga (Collected Editions) #6)",2026-03-02,"This book titled 'Saga, Volume 6 (Saga (Collected Editions) #6)' is highly recommended."
"Saga, Volume 5 (Saga (Collected Editions) #5)",2026-03-02,"This book titled 'Saga, Volume 5 (Saga (Collected Editions) #5)' is highly recommended."
Reskilling America: Learning to Labor in the Twenty-First Century,2026-03-02,This book titled 'Reskilling America: Learning to Labor in the Twenty-First Century' is highly recommended.
"Rat Queens, Vol. 3: Demons (Rat Queens (Collected Editions) #11-15)",2026-03-02,"This book titled 'Rat Queens, Vol. 3: Demons (Rat Queens (Collected Editions) #11-15)' is highly recommended."
"Princess Jellyfish 2-in-1 Omnibus, Vol. 01 (Princess Jellyfish 2-in-1 Omnibus #1)",2026-03-02,"This book titled 'Princess Jellyfish 2-in-1 Omnibus, Vol. 01 (Princess Jellyfish 2-in-1 Omnibus #1)' is highly recommended."
Princess Between Worlds (Wide-Awake Princess #5),2026-03-02,This book titled 'Princess Between Worlds (Wide-Awake Princess #5)' is highly recommended.
"Pop Gun War, Volume 1: Gift",2026-03-02,"This book titled 'Pop Gun War, Volume 1: Gift' is highly recommended."
"Political Suicide: Missteps, Peccadilloes, Bad Calls, Backroom Hijinx, Sordid Pasts, Rotten Breaks, and Just Plain Dumb Mistakes in the Annals of American Politics",2026-03-02,"This book titled 'Political Suicide: Missteps, Peccadilloes, Bad Calls, Backroom Hijinx, Sordid Pasts, Rotten Breaks, and Just Plain Dumb Mistakes in the Annals of American Politics' is highly recommended."
Patience,2026-03-02,This book titled 'Patience' is highly recommended.
"Outcast, Vol. 1: A Darkness Surrounds Him (Outcast #1)",2026-03-02,"This book titled 'Outcast, Vol. 1: A Darkness Surrounds Him (Outcast #1)' is highly recommended."
orange: The Complete Collection 1 (orange: The Complete Collection #1),2026-03-02,This book titled 'orange: The Complete Collection 1 (orange: The Complete Collection #1)' is highly recommended.
Online Marketing for Busy Authors: A Step-By-Step Guide,2026-03-02,This book titled 'Online Marketing for Busy Authors: A Step-By-Step Guide' is highly recommended.
On a Midnight Clear,2026-03-02,This book titled 'On a Midnight Clear' is highly recommended.
Obsidian (Lux #1),2026-03-02,This book titled 'Obsidian (Lux #1)' is highly recommended.
My Paris Kitchen: Recipes and Stories,2026-03-02,This book titled 'My Paris Kitchen: Recipes and Stories' is highly recommended.
Masks and Shadows,2026-03-02,This book titled 'Masks and Shadows' is highly recommended.
"Mama Tried: Traditional Italian Cooking for the Screwed, Crude, Vegan, and Tattooed",2026-03-02,"This book titled 'Mama Tried: Traditional Italian Cooking for the Screwed, Crude, Vegan, and Tattooed' is highly recommended."
"Lumberjanes, Vol. 2: Friendship to the Max (Lumberjanes #5-8)",2026-03-02,"This book titled 'Lumberjanes, Vol. 2: Friendship to the Max (Lumberjanes #5-8)' is highly recommended."
"Lumberjanes, Vol. 1: Beware the Kitten Holy (Lumberjanes #1-4)",2026-03-02,"This book titled 'Lumberjanes, Vol. 1: Beware the Kitten Holy (Lumberjanes #1-4)' is highly recommended."
Lumberjanes Vol. 3: A Terrible Plan (Lumberjanes #9-12),2026-03-02,This book titled 'Lumberjanes Vol. 3: A Terrible Plan (Lumberjanes #9-12)' is highly recommended.
"Layered: Baking, Building, and Styling Spectacular Cakes",2026-03-02,"This book titled 'Layered: Baking, Building, and Styling Spectacular Cakes' is highly recommended."
Judo: Seven Steps to Black Belt (an Introductory Guide for Beginners),2026-03-02,This book titled 'Judo: Seven Steps to Black Belt (an Introductory Guide for Beginners)' is highly recommended.
Join,2026-03-02,This book titled 'Join' is highly recommended.
In the Country We Love: My Family Divided,2026-03-02,This book titled 'In the Country We Love: My Family Divided' is highly recommended.
